group href,h-full src,ais-Highlight-nonHighlighted,text-base,text-xs-4,font-sans,font-sans (2)
https://www.cabo-adventures.com/en/tour/luxury-day-sailing/,https://cdn.sanity.io/images/esqfj3od/production/834cde8965aeeee934450fb9b385ed7ecfa36c16-608x912.webp?w=640&q=65&fit=clip&auto=format,4-HOUR LUXURY CABO SAILING BOAT TOUR,$104 USD,$149 USD,4 Hours,Min 8 years old
https://www.cabo-adventures.com/en/tour/signature-swim/,https://cdn.sanity.io/images/esqfj3od/production/bd7bfbf824efdf124cf41220ef1830bf4335a462-608x912.webp?w=640&q=65&fit=clip&auto=format,CABO DOLPHIN SWIM SIGNATURE,$146 USD,$209 USD,40 Minutes,Min. 4 years old
https://www.cabo-adventures.com/en/tour/outdoor-adventure-cabo/,https://cdn.sanity.io/images/esqfj3od/production/82ad01cfa3a513e85d158016f76161a9460e5247-608x912.webp?w=640&q=65&fit=clip&auto=format,OUTDOOR ADVENTURE 4X4 + CABO ZIPLINE + RAPPEL,$97 USD,$139 USD,3.5 Hours,Min 8 years old
https://www.cabo-adventures.com/en/tour/camel-atv-ecofarm/,https://cdn.sanity.io/images/esqfj3od/production/35784d21127935173359fdf767ff0c62074ff0b5-608x912.webp?w=640&q=65&fit=clip&auto=format,CAMELS + ATV + LUNCH,$118 USD,$169 USD,3 hours,Min 8 years old
https://www.cabo-adventures.com/en/tour/luxury-sunset-sailing-cabo/,https://cdn.sanity.io/images/esqfj3od/production/56c52d182d39bb86c7c5d638d537684b4c376b1b-608x912.webp?w=640&q=65&fit=clip&auto=format,LUXURY CABO SUNSET CRUISE,$76 USD,$109 USD,2.5 Hours,Min 8 years old
https://www.cabo-adventures.com/en/tour/dolphin-experience/,https://cdn.sanity.io/images/esqfj3od/production/e561f483565d57da0f60f4b78b9d7e201e1719a5-608x912.webp?w=640&q=65&fit=clip&auto=format,CABO DOLPHIN EXPERIENCE,$125 USD,$179 USD,30 Min,Min. 4 years old
https://www.cabo-adventures.com/en/tour/luxury-two-bay-snorkel/,https://cdn.sanity.io/images/esqfj3od/production/6408a4a1046222b51e2764397e57ab987ad17be3-608x912.webp?w=640&q=65&fit=clip&auto=format,LUXURY TWO-BAY SNORKEL,$97 USD,$139 USD,4 Hours,Min 5 years old
https://www.cabo-adventures.com/en/tour/outback-and-camel-safari/,https://cdn.sanity.io/images/esqfj3od/production/87cb95d909eacc583b3bcd8d9e0f8ebf8cc2bf22-608x912.webp?w=640&q=65&fit=clip&auto=format,OUTBACK & CABO CAMEL RIDE,$83 USD,$119 USD,3 Hours,Min 5 years old
https://www.cabo-adventures.com/en/tour/luxury-whale-watching/,https://cdn.sanity.io/images/esqfj3od/production/76c1e97bb2129788a3907f7809aba1b85f328cbb-608x912.webp?w=640&q=65&fit=clip&auto=format,LUXURY WHALE WATCHING IN CABO,$97 USD,$139 USD,2.5 Hours,Min 5 years old
https://www.cabo-adventures.com/en/tour/whale-shark-encounter/,https://cdn.sanity.io/images/esqfj3od/production/ae2e87b46789cce6c375dea1ebb9c678fac559f3-608x912.webp?w=640&q=65&fit=clip&auto=format,SWIM WITH WHALE SHARKS IN CABO,$202 USD,$289 USD,10 Hours,Min 8 years old
https://www.cabo-adventures.com/en/tour/whale-watching-in-cabo/,https://cdn.sanity.io/images/esqfj3od/production/98e3663ffb8c276a4a350d7f7815ec5592530bae-608x912.webp?w=640&q=65&fit=clip&auto=format,CABO WHALE WATCHING,$76 USD,$109 USD,2 Hours,Min 5 years old
https://www.cabo-adventures.com/en/tour/balandra-beach-and-snorkeling-la-paz/,https://cdn.sanity.io/images/esqfj3od/production/bda2f112b39b66afc2d7399b8f7d8e0315a31312-608x912.webp?w=640&q=65&fit=clip&auto=format,BALANDRA BEACH & LA PAZ SNORKELING,$153 USD,$219 USD,4 Hours,Min 5 years old
